sp_id,rp_id,level_emotional_reactions,level_interpretations,level_explorations
97keuy,e48xfwa,0,0,0
5ziak3,deyb83s,1,0,0
6l2ex7,djr0aur,2,2,0
47jmki,d0djxlk,1,0,0
99yrsp,e4req4x,0,0,0
7bae7a,dphh2hi,0,2,0
7faqco,dqasc1x,0,0,0
8fzl06,dy7mpoe,0,0,0
5udu49,ddtar8i,1,1,1
79ws1b,dp5j55v,0,0,0
41g07l,cz26vua,1,1,2
8ix424,dywk9hy,1,1,2
78chdu,doss7uo,0,0,0
6jy2ha,djhwgs6,1,0,0
7f5fsf,dq9m34m,0,1,0
6d8bpd,di0nlb2,0,0,0
982bo3,e4d9lz8,0,1,0
6m2aki,djzoxjg,0,0,0
9vo55d,e9eqspg,0,0,0
88gtly,dwki84l,0,1,0
5oc1v6,dcia967,0,0,0
92z9nn,e3a2xof,0,1,2
88x2l7,dwnvlat,1,0,1
ajccfi,eeujjeh,0,1,0
5pklsj,dcs78f7,0,0,0
78539v,dor647q,2,1,0
4re82s,d50d07m,1,1,0
9y3cea,eb4ngh9,0,0,0
9u1441,e90or0r,0,1,1
a2bynd,eawx6f6,0,0,0
7yo4vo,duhyac3,1,1,0
aivw81,eer413s,0,1,0
9v6l4y,e9a6rlo,0,0,2
46rnxz,d07n05c,0,1,0
9t0b89,e8txotz,1,0,0
64vfny,dg5dua3,0,0,1
7rmqzi,dsy41wd,1,0,0
96kkj0,e4173mc,1,0,1
857ps1,dvve0kf,0,1,1
8w0orm,e1ruepi,1,0,0
43dc0h,czhnmqd,0,0,0
4kz2qw,d3j6efd,0,0,0
6ay35x,dhiscyo,0,0,0
7ce4za,dpp7tc5,0,1,0
71c0m3,dn9pkff,1,0,0
73cm60,dnpb3ft,0,0,0
88x9zy,dwpez20,0,0,0
7xxfqn,duby1kh,1,0,0
5o2dfv,dcg770i,1,0,2
68qep0,dh0heoe,1,1,0
